vendor_name,product_name,category,short_description,compatibility_index,compatibility_rationale,regulatory_status,evidence_summary,source_date,source_urls
"Commvault","Commvault Cloud Virtual Server Agent for Citrix Hypervisor","backup","Protezione hypervisor-aware per workload Citrix Hypervisor/XenServer con proxy residente su Xen e requisiti operativi dedicati.",92,"Documentazione ufficiale specifica per Citrix Hypervisor/XenServer con requisiti e flusso operativo pubblici.","Supported","Commvault pubblica una pagina di system requirements dedicata a Citrix Hypervisor/XenServer con proxy VM su XenServer.",2026-04-14,"https://documentation.commvault.com/v11/software/citrix_hypervisor_xenserver_system_requirements.html"
"Bacula Systems","Bacula Enterprise Xen Plugin","backup","Plugin enterprise per backup e restore image-level di VM XenServer tramite snapshot e XAPI, senza agent nei guest.",90,"Plugin ufficiale XenServer con snapshot/XAPI e supporto block-level dichiarato dal vendor.","Supported","La documentazione Bacula descrive esplicitamente il plugin XenServer per backup snapshot/XAPI e restore granulari.",n.d.,"https://docs.baculasystems.com/BEDedicatedBackupSolutions/Virtualization/Hypervisors/xen/index.html"
"Storware","Storware Backup and Recovery","backup","Backup agentless di VM Citrix Hypervisor/XenServer con API XenServer, NBD e CBT per incrementali.",88,"Documentazione tecnica esplicita su Citrix Hypervisor/XenServer con strategia full/incremental dichiarata.","Supported","Storware documenta la protezione di Citrix Hypervisor/XenServer via XenServer API, NBD e CBT.",n.d.,"https://docs.storware.eu/protecting-virtual-machines/virtual-machines/citrix-hypervisor-xenserver"
"SEP","SEP sesam","backup","Suite di backup multi-hypervisor con backup snapshot-based di VM Citrix XenServer e licenze specifiche per Citrix Hypervisor/XCP-ng.",87,"Posizionamento ufficiale diretto su Citrix XenServer e materiale operativo/licensing pubblico.","Supported","SEP dichiara backup consistenti di VM Citrix XenServer e pubblica licenze dedicate per Citrix Hypervisor/XCP-ng.",n.d.,"https://www.sepsoftware.com/solutions/multi-hypervisor-essential/citrix-hypervisor/ | https://www.sepsoftware.com/fileadmin/user_upload/Partner_Lounge/Downloads_EN/CLASSIC_2.0K2_EN.pdf"
"Acronis","Acronis Cyber Protect","backup","Piattaforma di cyber protection con posizionamento commerciale corrente per backup e recovery di ambienti XenServer.",78,"Compatibilità dichiarata nelle pagine ufficiali, ma senza una matrice tecnica pubblica moderna chiaramente allineata a XenServer 8.4.","Partial","Acronis mantiene pagine ufficiali attuali che descrivono Cyber Protect come compatibile con Citrix XenServer.",2026-04-03,"https://www.acronis.com/en/solutions/backup/virtual/citrix-xen-server-backup-recovery/ | https://care.acronis.com/s/article/Acronis-Cyber-Protect-Acronis-Cyber-Backup-agent-based-and-agentless-backup-of-virtual-machines?language=en_US"
"Veritas","Backup Exec 25","backup","Protezione di workload guest su XenServer tramite Remote Agent; non emerge un supporto pubblico equivalente a backup agentless hypervisor-aware.",62,"Supporto pubblico limitato alla protezione Remote Agent delle VM su XenServer.","Partial","La Software Compatibility List di Backup Exec indica che su XenServer è supportata solo la protezione Remote Agent-based delle VM.",2025-10-30,"https://www.veritas.com/support/en_US/doc/BE_25_SCL"
"Veeam","Veeam Backup & Replication v13","backup","Piattaforma di backup leader con protezione corrente via agent per VM Citrix/XenServer e supporto hypervisor nativo annunciato ma non ancora pubblicamente disponibile.",35,"Assenza di supporto VM-level corrente per XenServer nella documentazione mainstream; ufficialmente sono citati agent e roadmap futura.","Partial","Veeam dichiara oggi altri hypervisor supportati; forum ufficiale indica l'uso di agenti su VM Citrix e il comunicato v13 parla di supporto XenServer in arrivo.",2025-11-19,"https://www.veeam.com/blog/veeam-supported-hypervisors.html | https://forums.veeam.com/veeam-backup-replication-f2/urgently-i-need-a-help-about-backup-citrix-vms-using-veeam-backup-t73693.html | https://www.veeam.com/company/press-release/veeam-data-platform-v13-cyber-resilience-data-protection-security-ai.html"
"Microsoft","Windows 11","guest OS","Desktop guest moderno supportato ufficialmente da XenServer 8.4, con VM Tools Windows e feature guest avanzate.",98,"Guest OS elencato ufficialmente da XenServer 8.4 con feature support e tooling dedicato.","Supported","La tabella ufficiale guest OS di XenServer 8.4 include Windows 11 e ne riporta supporto funzionale ampio.",2025-12-18,"https://docs.xenserver.com/en-us/xenserver/8/system-requirements/guest-os-support.html | https://docs.xenserver.com/en-us/xenserver/8/vms/windows/vm-tools.html"
"Microsoft","Windows Server 2025","guest OS","Server guest di ultima generazione supportato da XenServer 8.4 con nota specifica di installazione e supporto feature guest avanzate.",97,"Supporto guest ufficiale esplicito con nota installativa specifica per Windows Server 2025.","Supported","XenServer 8.4 elenca Windows Server 2025 tra i guest supportati e pubblica una nota specifica sul boot con doppio disco.",2025-12-18,"https://docs.xenserver.com/en-us/xenserver/8/system-requirements/guest-os-support.html"
"Red Hat","Red Hat Enterprise Linux 9","guest OS","Distribuzione enterprise Linux supportata ufficialmente come guest XenServer 8.4, con supporto a VM Tools Linux recenti.",96,"Guest OS ufficiale XenServer 8.4 con feature matrix e indicazioni sui VM Tools.","Supported","RHEL 9 compare nella matrice ufficiale dei guest supportati di XenServer 8.4.",2025-12-18,"https://docs.xenserver.com/en-us/xenserver/8/system-requirements/guest-os-support.html"
"Red Hat","Red Hat Enterprise Linux 10 preview","guest OS","Preview guest di nuova generazione presente nella matrice XenServer 8.4 come supporto preliminare, non produzione piena.",70,"Il vendor hypervisor lo classifica come preview, quindi il supporto pubblico è pre-release.","Beta","La matrice guest OS di XenServer 8.4 include RHEL 10 come preview.",2025-12-18,"https://docs.xenserver.com/en-us/xenserver/8/system-requirements/guest-os-support.html"
"SUSE","SUSE Linux Enterprise Server 15 SP6","guest OS","Distribuzione Linux enterprise supportata ufficialmente come guest su XenServer 8.4.",95,"Guest OS ufficiale XenServer 8.4 con supporto dichiarato nella matrice pubblica.","Supported","SLES 15 SP5/SP6 è elencato nella tabella ufficiale dei guest supportati di XenServer 8.4.",2025-12-18,"https://docs.xenserver.com/en-us/xenserver/8/system-requirements/guest-os-support.html"
"SUSE","SUSE Linux Enterprise Server 12 SP5","guest OS","Release Linux enterprise ancora presente nella matrice ma marcata come deprecata.",58,"Presenza ufficiale ma con deprecation esplicita, quindi non baseline consigliata per nuovi progetti.","Legacy","XenServer 8.4 mantiene SLES 12 SP5 nella lista, ma lo marca esplicitamente come deprecated.",2025-12-18,"https://docs.xenserver.com/en-us/xenserver/8/system-requirements/guest-os-support.html"
"Oracle","Oracle Linux 8","guest OS","Distribuzione enterprise Oracle supportata ufficialmente come guest Linux su XenServer 8.4.",94,"Guest OS ufficiale XenServer 8.4 con indicazioni di supporto dirette.","Supported","Oracle Linux 8 è presente nella matrice guest OS di XenServer 8.4.",2025-12-18,"https://docs.xenserver.com/en-us/xenserver/8/system-requirements/guest-os-support.html"
"Debian","Debian 12 Bookworm","guest OS","Distribuzione Debian stabile supportata ufficialmente come guest su XenServer 8.4.",93,"Guest OS ufficialmente elencato dal vendor hypervisor.","Supported","Debian Bookworm 12 compare nella matrice ufficiale dei guest XenServer 8.4.",2025-12-18,"https://docs.xenserver.com/en-us/xenserver/8/system-requirements/guest-os-support.html"
"Canonical","Ubuntu 24.04 LTS","guest OS","Distribuzione Ubuntu LTS moderna supportata ufficialmente come guest Linux su XenServer 8.4.",93,"Guest OS ufficialmente elencato con feature support dedicate.","Supported","Ubuntu 24.04 è incluso nella lista ufficiale di guest supportati di XenServer 8.4.",2025-12-18,"https://docs.xenserver.com/en-us/xenserver/8/system-requirements/guest-os-support.html"
"Rocky Linux","Rocky Linux 9","guest OS","Distribuzione RHEL-compatible supportata ufficialmente come guest su XenServer 8.4.",91,"Supporto ufficiale del vendor hypervisor nella matrice guest OS.","Supported","Rocky Linux 9 compare nella tabella ufficiale guest OS di XenServer 8.4.",2025-12-18,"https://docs.xenserver.com/en-us/xenserver/8/system-requirements/guest-os-support.html"
"The FreeBSD Project","FreeBSD","guest OS","Sistema BSD tecnicamente eseguibile come VM, ma escluso dal supporto generale XenServer per virtualizzazione di uso comune.",15,"FAQ ufficiale: BSD guest non supportati per deployment generici; eccezioni solo per specifici prodotti NetScaler.","Not publicly supported","La FAQ ufficiale XenServer dichiara che i guest BSD, incluso FreeBSD, non sono supportati per virtualizzazione general-purpose.",2026-06-09,"https://docs.xenserver.com/en-us/xenserver/8/technical-overview/faq.html"
"Microsoft","SQL Server","database","Database relazionale enterprise supportato da Microsoft in ambienti virtualizzati Hyper-V o su hypervisor di terze parti validati, con limiti su snapshot non VSS-aware.",58,"Supporto legato alla validazione Microsoft/SVVP dell'hypervisor; senza validazione attuale di XenServer 8.4 il supporto resta condizionato.","Partial","Microsoft supporta SQL Server su Hyper-V e su hypervisor terzi validati, ma prevede supporto limitato o nullo su configurazioni non validate.",2024-06-13,"https://learn.microsoft.com/en-us/troubleshoot/sql/database-engine/install/windows/support-policy-hardware-virtualization-product"
"Microsoft","Exchange Server","collaboration","Piattaforma di messaging enterprise virtualizzabile, ma solo su Hyper-V o su hypervisor terzi validati nel programma Microsoft.",57,"Supporto formalmente possibile su hypervisor terzi, ma subordinato alla validazione Microsoft e a vincoli severi su snapshot e migration.","Partial","Microsoft dichiara supportato Exchange su Hyper-V e su hypervisor terzi validati nel Windows Server Virtualization Validation Program.",2025-04-30,"https://learn.microsoft.com/en-us/exchange/plan-and-deploy/virtualization"
"Microsoft","SharePoint Server","collaboration","Piattaforma collaboration/document management virtualizzabile su Hyper-V o su altri hypervisor supportati dal programma Microsoft, con limiti severi su snapshot e replica.",55,"Supporto possibile ma dipendente dal programma Microsoft di validazione degli hypervisor.","Partial","Microsoft documenta SharePoint su VM su Hyper-V o altre piattaforme SVVP e vieta vari scenari di snapshot/replica online.",2023-02-21,"https://learn.microsoft.com/en-us/sharepoint/install/deploy-sharepoint-virtual-machines"
"Oracle","Oracle Database","database","Database enterprise eseguibile tecnicamente su guest OS supportati, ma senza evidenza pubblica corrente di certificazione XenServer 8.4 nelle matrici Oracle accessibili.",42,"Le matrici pubbliche Oracle certificano esplicitamente altre tecnologie di virtualizzazione, non XenServer.","Not publicly supported","La Virtualization Matrix pubblica Oracle elenca tecnologie certificate quali Oracle VM, KVM e Hyper-V, ma non mostra XenServer come certificazione pubblica corrente.",n.d.,"https://www.oracle.com/sa/database/technologies/virtualization-matrix.html"
"Oracle","Oracle Fusion Middleware / WebLogic Server","middleware","Stack middleware enterprise supportato pubblicamente su Oracle VM e Oracle Linux KVM quando il relativo OS è certificato; XenServer non compare nella certificazione pubblica accessibile.",35,"La certificazione pubblica corrente punta a Oracle VM/KVM, non a XenServer.","Not publicly supported","La pagina Oracle sulle tecnologie di virtualizzazione supportate per Fusion Middleware certifica Oracle VM e Oracle Linux KVM, senza evidenza XenServer pubblica equivalente.",n.d.,"https://www.oracle.com/middleware/technologies/ias/oracleas-supported-virtualization.html"
"SAP","SAP HANA 2.0","database","Database in-memory enterprise con supporto pubblico a piattaforme virtualizzate, ma con dettaglio demandato a note SAP e con evidenza pubblica forte soprattutto su VMware.",30,"Supporto alla virtualizzazione esiste, ma la documentazione pubblica disponibile non espone un percorso XenServer 8.4 equivalente a VMware.","Not publicly supported","SAP HANA dichiara supporto su piattaforme virtualizzate, ma la documentazione pubblica consultabile evidenzia esplicitamente VMware e rimanda ai dettagli a note SAP.",2025-04-22,"https://help.sap.com/docs/SAP_HANA_PLATFORM/2c1988d620e04368aa4103bf26f17727/26b7cdd60114463eb4ccaf6462e5ea24.html | https://help.sap.com/doc/e9702d76c3284623b02de196c0e79e49/2.0.08/en-US/SAP_HANA_Server_Installation_Guide_en.pdf"
"SAP","SAP Business One version for SAP HANA","ERP","ERP per PMI che SAP dichiara funzionare su software di virtualizzazione, ma senza emettere statement di supporto specifici per singolo vendor hypervisor.",55,"Buona compatibilità tecnica da guest supportato, ma senza certificazione hypervisor-vendor specifica da SAP.","Partial","SAP afferma pubblicamente che Business One gira su software di virtualizzazione, ma non rilascia support statement specifici per il vendor di virtualizzazione.",2024-11-26,"https://help.sap.com/doc/6a90565bcc3146ec8cd5768409f84fc6/10.0/en-US/Hardware_Requirements_Guide_for_SAP_Business_One.pdf"
"Zabbix","Zabbix Xen integration","monitoring","Monitoring di hypervisor Xen con template/integrazione ufficiale Zabbix, adatto anche a stack Xen-based dove siano esposti gli endpoint necessari.",80,"Integrazione ufficiale su Xen, anche se non XenServer 8.4 brand-specific.","Supported","Zabbix pubblica una integrazione ufficiale per Xen hypervisor.",n.d.,"https://www.zabbix.com/integrations/xen"
"Paessler","PRTG XenServer Host/VM sensors","monitoring","Monitoring di host e VM XenServer via sensori dedicati HTTP/API; presente una limitazione ufficiale per pool member non master.",78,"Supporto funzionale ufficiale, ma con limite documentato sui pool XenServer.","Partial","PRTG mantiene sensori ufficiali XenServer Host/VM e documenta che nei pool il monitoraggio completo si concentra sul pool master.",2025-06-10,"https://www.paessler.com/manuals/prtg/citrix_xenserver_host_sensor | https://helpdesk.paessler.com/en/support/solutions/articles/76000072306-xenserver-pool-support"
"ManageEngine","OpManager XenServer monitoring","monitoring","Monitoring pronto all'uso di CPU, memoria, rete e I/O per host Citrix XenServer e VM.",82,"Pagina prodotto ufficiale con coverage esplicita XenServer.","Supported","ManageEngine pubblica pagine ufficiali dedicate al monitoraggio Citrix XenServer in OpManager.",n.d.,"https://www.manageengine.com/network-monitoring/citrix-xenserver-monitoring.html"
"SolarWinds","Server & Application Monitor Citrix Hypervisor template","monitoring","Template di monitoraggio per Citrix Hypervisor in SolarWinds SAM, con test dichiarato su Citrix Hypervisor 8.0.",60,"Supporto operativo presente ma test pubblico fermo a 8.0, non 8.4.","Legacy","SolarWinds SAM pubblica un template Citrix Hypervisor e specifica che è stato testato con Citrix Hypervisor 8.0.",n.d.,"https://documentation.solarwinds.com/en/success_center/sam/content/sam-citrix-hypervisor.htm"
"Fortinet","FortiGate-VM","virtual appliance - network/security","Firewall virtuale NGFW con deployment ufficiale su Citrix Xen/XenServer e hypervisor support dichiarato anche in datasheet.",95,"Guida di deployment Xen dedicata e menzione esplicita Xen/XenServer in documentazione di prodotto.","Supported","Fortinet documenta il deployment di FortiGate-VM su Citrix Xen e cita Xen/XenServer tra gli hypervisor supportati.",n.d.,"https://docs.fortinet.com/document/fortigate-private-cloud/8.0.0/xen-administration-guide/123370/deploying-the-fortigate-vm-on-citrix-xen | https://www.fortinet.com/uk/products/private-cloud-security/fortigate-virtual-appliances"
"Sophos","Sophos Firewall Virtual","virtual appliance - network/security","Firewall virtuale con installer specifico per Citrix Hypervisor/XenServer e guida di installazione ufficiale aggiornata.",94,"Immagine e percorso installativo ufficiali per Citrix Hypervisor.","Supported","Sophos distribuisce un installer dedicato per Citrix Hypervisor e una guida ufficiale di deploy.",2025-01-29,"https://docs.sophos.com/nsg/sophos-firewall/21.5/Help/en-us/webhelp/onlinehelp/VirtualAndSoftwareAppliancesHelp/Citrix/CitrixInstall/ | https://www.sophos.com/en-us/support/downloads/firewall-installers"
"Check Point","CloudGuard Network Security for Private Cloud Hypervisors","virtual appliance - network/security","Firewall/security gateway virtuale enterprise con supporto pubblico corrente su KVM, Hyper-V, VMware, AHV e altri, ma senza XenServer nella HCL attuale.",20,"Matrice corrente ufficiale non include XenServer tra gli hypervisor supportati.","Not publicly supported","La HCL corrente Check Point per CloudGuard su hypervisor privati elenca KVM, Hyper-V, VMware, AHV e non XenServer.",n.d.,"https://www.checkpoint.com/support-services/hcl/"
"Palo Alto Networks","VM-Series Firewall","virtual appliance - network/security","Virtual firewall enterprise supportato pubblicamente su ESXi, KVM, Nutanix, Hyper-V, OpenStack e Cisco ACI; XenServer non compare nella matrice corrente.",18,"Assenza di XenServer nella hypervisor support matrix corrente.","Not publicly supported","La matrice hypervisor pubblica di VM-Series elenca i deployment privati supportati senza includere XenServer.",2026-06-02,"https://docs.paloaltonetworks.com/compatibility-matrix/reference/vm-series-firewalls/vms-series-hypervisor-support"
"Cisco","Secure Firewall Threat Defense Virtual","virtual appliance - network/security","NGFW virtuale Cisco supportato pubblicamente su VMware, KVM, OpenStack, Nutanix e Hyper-V; nessun riferimento corrente a XenServer.",18,"La data sheet pubblica attuale non include XenServer fra i platform target.","Not publicly supported","La data sheet di Threat Defense Virtual elenca i platform supportati on-prem senza XenServer.",n.d.,"https://www.cisco.com/c/en/us/products/collateral/security/firewalls/threat-defense-virtual-ds.html"
"F5","BIG-IP Virtual Edition","virtual appliance - network/security","Application delivery controller virtuale con documentazione storica/setup su XenServer, ma con matrice corrente poco chiara o non allineata per release moderne su Citrix Hypervisor.",40,"Le guide XenServer esistono, ma la matrice corrente non espone una linea di supporto moderna e chiara per BIG-IP VE su XenServer 8.4.","Legacy","F5 mantiene guide di setup XenServer, ma la current matrix su Citrix Hypervisor non mostra una copertura chiara per le release BIG-IP VE correnti.",n.d.,"https://clouddocs.f5.com/cloud/public/v1/citrix/citrix_setup.html | https://clouddocs.f5.com/cloud/public/v1/matrix.html"
